Дата,дивизион,доход,расход,валовая_прибыль,EBITDA,отток,приток,ARPU,"операционные_расходы,_тенге","операционная_прибыль,_тенге"
2023-02-01,Дивизион_по_корпоративному_бизнесу,11650.24827543998,3627.752340189999,8400.78732257998,8255.62284136998,287500,279364,6163.759352412826,3489.088634379999,8161.15964105998
2023-02-01,Дивизион_по_розничному_бизнесу,10592.90398561006,3331.55136877,7427.472784320063,7507.430722700068,287500,279364,6163.759352412826,3332.24024843,7260.663737180063
2023-02-01,Дивизион_информационных_технологий,979.3401167600005,1493.86475619,-428.1105079299996,10.45214987000031,287500,279364,6163.759352412826,1492.7697096,-513.4295928399996
2023-02-01,Дирекция_управления_проектами_(ДУП),0.0,55.69538247,-23.55246306,-55.43182147,287500,279364,6163.759352412826,55.69538247,-55.69538247
2023-02-01,Дирекция_телеком-комплектации,0.0,91.21417930000004,-67.48968429,-87.93618520999999,287500,279364,6163.759352412826,91.14909021,-91.14909021
2023-02-01,Корпоративный_университет,0.0,68.29789797,-62.44845418,-67.76105297,287500,279364,6163.759352412826,68.29789797,-68.29789797
2023-02-01,"Обьединение_""Дивизион_Сеть""",31.39778504,6750.938937549998,-6494.899561179998,-4590.469849079998,287500,279364,6163.759352412826,6691.367599229998,-6659.969814189999
2023-02-01,Сервисная_Фабрика,0.0,1191.29380624,-886.0508344699997,-957.6504076099998,287500,279364,6163.759352412826,1139.20854366,-1139.20854366
2023-02-01,"Центральный_аппарат_Акционерного_Общества_""Казахтелеком""",0.0,2879.97611528,-377.61781998,-952.40432988,287500,279364,6163.759352412826,952.98026388,-952.98026388
2023-03-01,Дивизион_по_корпоративному_бизнесу,11698.23568165997,3250.24308918,8795.103800259973,8722.096340679997,37845,24313,7457.293635523148,3070.773299990001,8627.462381669973
2023-03-01,Дивизион_по_розничному_бизнесу,10876.96370175999,3301.770443579999,8002.458991659984,7842.444654139981,37845,24313,7457.293635523148,3300.083312159999,7576.880389599986
2023-03-01,Дивизион_информационных_технологий,1109.7660872,1523.24052439,-253.4337791300001,141.3737673399997,37845,24313,7457.293635523148,1522.90820086,-413.1421136600002
2023-03-01,Дирекция_управления_проектами_(ДУП),0.0,36.88988509,-30.28662114,-36.62626909000001,37845,24313,7457.293635523148,36.88988509000001,-36.88988509000001
2023-03-01,Дирекция_телеком-комплектации,0.0,102.20546393,-69.40160857,-99.14236182999998,37845,24313,7457.293635523148,102.1215896,-102.1215896
2023-03-01,Корпоративный_университет,0.0,74.80455614999998,-68.71404473,-74.24829815,37845,24313,7457.293635523148,74.80455615,-74.80455615
2023-03-01,"Обьединение_""Дивизион_Сеть""",28.19978608,7490.430118830002,-6823.798686270001,-5191.462865850001,37845,24313,7457.293635523148,7480.50994667,-7452.310160590001
2023-03-01,Сервисная_Фабрика,0.0,1607.79519965,-1297.42344572,-1399.025133039999,37845,24313,7457.293635523148,1600.39908603,-1600.39908603
2023-03-01,"Центральный_аппарат_Акционерного_Общества_""Казахтелеком""",0.0,5061.722890409999,-376.6595471299999,-893.37779297,37845,24313,7457.293635523148,893.9537339699999,-893.9537339699999
2023-04-01,Дивизион_по_корпоративному_бизнесу,11870.83977410001,4459.039681,7799.915443870012,7679.486508450012,38428,24864,7968.678072255703,4181.25567069,7689.584103410012
2023-04-01,Дивизион_по_розничному_бизнесу,13291.76740452997,4272.26559687,9416.91381525997,9283.174038319972,38428,24864,7968.678072255703,4109.24115701,9182.52624751997
2023-04-01,Дивизион_информационных_технологий,1122.0139037,1708.41741429,-487.6491119799998,-33.24711869999969,38428,24864,7968.678072255703,1705.2718048,-583.2579010999998
2023-04-01,Дирекция_управления_проектами_(ДУП),0.0,69.87934525,-61.09282556999999,-69.60559425000001,38428,24864,7968.678072255703,69.87934524999999,-69.87934524999999
2023-04-01,Дирекция_телеком-комплектации,0.0,128.56703252,-90.79874893,-124.86577945,38428,24864,7968.678072255703,127.84447745,-127.84447745
2023-04-01,Корпоративный_университет,0.0,76.83340648,-68.52206661,-76.03965917999999,38428,24864,7968.678072255703,76.59591517999999,-76.59591517999999
2023-04-01,"Обьединение_""Дивизион_Сеть""",28.15762256,7925.08579177,-7582.02782402,-5575.90260994,38428,24864,7968.678072255703,7878.23209619,-7850.074473629999
2023-04-01,Сервисная_Фабрика,0.0,1973.6617182,-1675.28633271,-1740.02671573,38428,24864,7968.678072255703,1981.42209519,-1981.42209519
2023-04-01,"Центральный_аппарат_Акционерного_Общества_""Казахтелеком""",310.6889999999999,4404.893797639999,-1668.34020183,-2213.58016668,38428,24864,7968.678072255703,2779.8215881,-2469.1325881
2023-05-01,Дивизион_по_корпоративному_бизнесу,11581.79118396993,3569.61017286,8350.587924219926,8250.942745339926,38835,30862,8262.27902328955,3425.63008647,8156.161097499927
2023-05-01,Дивизион_по_розничному_бизнесу,11119.44376128999,3809.836549540001,7662.574352569989,7587.79080276999,38835,30862,8262.27902328955,3806.517401670001,7312.926359619988
2023-05-01,Дивизион_информационных_технологий,1127.73939188,1573.40252561,-352.1287092200002,63.39435970999972,38835,30862,8262.27902328955,1573.19152297,-445.4521310900003
2023-05-01,Дирекция_управления_проектами_(ДУП),0.0,97.86348642,-80.31170044999999,-97.53457942,38835,30862,8262.27902328955,97.86348642,-97.86348642
2023-05-01,Дирекция_телеком-комплектации,0.0,124.76461445,-75.93985795,-119.19187897,38835,30862,8262.27902328955,122.17036598,-122.17036598
2023-05-01,Корпоративный_университет,0.0,75.49674317,-69.67788539,-73.86740077,38835,30862,8262.27902328955,74.42365877,-74.42365877
2023-05-01,"Обьединение_""Дивизион_Сеть""",26.85055344,7025.160142920001,-6846.76924267,-4926.611176160001,38835,30862,8262.27902328955,7006.535240950001,-6979.684687510001
2023-05-01,Сервисная_Фабрика,0.0,1553.953658480001,-1284.88163466,-1319.03011552,38835,30862,8262.27902328955,1547.18321624,-1547.18321624
2023-05-01,"Центральный_аппарат_Акционерного_Общества_""Казахтелеком""",0.0,1777.71704553,-378.01679108,-896.6222189800002,38835,30862,8262.27902328955,897.19815998,-897.19815998
2023-06-01,Дивизион_по_корпоративному_бизнесу,11558.75878822008,3637.56861656,8212.554267620084,8167.854304460083,20435,15036,7953.79694313833,3485.83648449,8072.922303730084
2023-06-01,Дивизион_по_розничному_бизнесу,12675.25411764998,3757.912360559999,9107.381641209984,9192.582592839974,20435,15036,7953.79694313833,3756.54026757,8918.713850079985
2023-06-01,Дивизион_информационных_технологий,1143.008221459998,1669.46609813,-366.2625063200023,9.379922859997578,20435,15036,7953.79694313833,1669.1488176,-526.1405961400023
2023-06-01,Дирекция_управления_проектами_(ДУП),0.0,84.14770223999999,-74.91066251999999,-83.81474823999999,20435,15036,7953.79694313833,84.14770223999999,-84.14770223999999
2023-06-01,Дирекция_телеком-комплектации,0.0,86.07407466000002,-81.33180785000002,-83.04446211000003,20435,15036,7953.79694313833,86.00749313000001,-86.00749313000001
2023-06-01,Корпоративный_университет,0.0,93.62740443,-86.85715307000001,-92.75772306,20435,15036,7953.79694313833,93.31398006,-93.31398006
2023-06-01,"Обьединение_""Дивизион_Сеть""",28.3473584,8036.183290179996,-7248.523813729997,-5951.401610559996,20435,15036,7953.79694313833,8010.650625929997,-7982.303267529996
2023-06-01,Сервисная_Фабрика,0.0,1948.06268795,-1442.29595993,-1576.29228771,20435,15036,7953.79694313833,1796.76450113,-1796.76450113
2023-06-01,"Центральный_аппарат_Акционерного_Общества_""Казахтелеком""",0.0,3006.53188159,-381.91696691,-725.24999387,20435,15036,7953.79694313833,725.82592787,-725.82592787
2023-07-01,Дивизион_по_корпоративному_бизнесу,11728.8435269799,6033.272941020001,7731.187627449897,5951.468479559901,29756,16691,8223.046331127016,4196.30830764,7532.535219339898
2023-07-01,Дивизион_по_розничному_бизнесу,11738.88981186001,4735.763181459999,7717.10670265001,7280.66852442001,29756,16691,8223.046331127016,4446.71111141,7292.178700450011
2023-07-01,Дивизион_информационных_технологий,1113.905238850001,2104.958773769999,-887.2989092799987,-440.9873775699987,29756,16691,8223.046331127016,2103.535648709999,-989.6304098599988
2023-07-01,Дирекция_управления_проектами_(ДУП),0.0,81.64057736,-68.83906196000001,-81.36713236000001,29756,16691,8223.046331127016,79.58168704,-79.58168704
2023-07-01,Дирекция_телеком-комплектации,0.0,118.97393284,-81.69721136999999,-117.38125192,29756,16691,8223.046331127016,120.30793792,-120.30793792
2023-07-01,Корпоративный_университет,0.0,92.26862987,-85.08585158000001,-91.06802958,29756,16691,8223.046331127016,92.07047558,-92.07047558
2023-07-01,"Обьединение_""Дивизион_Сеть""",26.977044,8066.990324139999,-7735.428899799998,-5980.025480739999,29756,16691,8223.046331127016,7998.55548321,-7971.578439209998
2023-07-01,Сервисная_Фабрика,0.0,1904.631673169999,-1464.92972624,-1598.14646217,29756,16691,8223.046331127016,1838.49258757,-1838.49258757
2023-07-01,"Центральный_аппарат_Акционерного_Общества_""Казахтелеком""",315.331,3263.14212258,-588.03657782,-1347.82856138,29756,16691,8223.046331127016,1819.78585156,-1504.45485156
2023-08-01,Дивизион_по_корпоративному_бизнесу,11547.59345390996,4097.92396778,7886.65659484996,7697.133662049987,29437,15009,8070.674127924527,3946.58415993,7601.009293979961
2023-08-01,Дивизион_по_розничному_бизнесу,12218.49178858008,4128.92046698,8536.557547480075,8371.480109370086,29437,15009,8070.674127924527,4126.91861844,8091.573170140075
2023-08-01,Дивизион_информационных_технологий,1183.693826,1831.48088711,-524.6248793900002,-99.71368322000012,29437,15009,8070.674127924527,1831.36117796,-647.6673519600001
2023-08-01,Дирекция_управления_проектами_(ДУП),0.0,105.43417557,-90.74452160999998,-105.18207771,29437,15009,8070.674127924527,105.43417557,-105.43417557
2023-08-01,Дирекция_телеком-комплектации,0.0,162.63001986,-124.68224682,-159.70318399,29437,15009,8070.674127924527,162.63001986,-162.63001986
2023-08-01,Корпоративный_университет,0.0,117.17565704,-106.95437516,-115.93443104,29437,15009,8070.674127924527,117.17565704,-117.17565704
2023-08-01,"Обьединение_""Дивизион_Сеть""",27.06137104,8143.851860040001,-7826.419597380002,-5930.55199548,29437,15009,8070.674127924527,8088.730692230002,-8061.669321190001
2023-08-01,Сервисная_Фабрика,0.0,1682.03109756,-1296.93371714,-1402.40573867,29437,15009,8070.674127924527,1632.59573604,-1632.59573604
2023-08-01,"Центральный_аппарат_Акционерного_Общества_""Казахтелеком""",0.0,3279.98258108,-395.8258135,-981.93789666,29437,15009,8070.674127924527,982.50012466,-982.50012466
2023-09-01,Дивизион_по_корпоративному_бизнесу,11696.44497653991,3819.14576941,8391.18585489991,8217.693768679906,173365,122270,7736.249544114442,3575.53184291,8120.91313362991
2023-09-01,Дивизион_по_розничному_бизнесу,12046.51704536998,4544.08787913,7951.697929819982,7789.837891269983,173365,122270,7736.249544114442,4543.054735889999,7503.462309479982
2023-09-01,Дивизион_информационных_технологий,1152.250913430001,1783.98168953,-485.9465833899994,-66.86720286999935,173365,122270,7736.249544114442,1783.94723105,-631.6963176199994
2023-09-01,Дирекция_управления_проектами_(ДУП),0.0,85.98876262,-68.14801546999999,-85.74087261999999,173365,122270,7736.249544114442,85.98876261999999,-85.98876261999999
2023-09-01,Дирекция_телеком-комплектации,0.0,142.25253365,-109.72924937,-139.30152165,173365,122270,7736.249544114442,142.25253365,-142.25253365
2023-09-01,Корпоративный_университет,0.0,89.94259032,-81.79682062,-88.46948696999999,173365,122270,7736.249544114442,89.73518097,-89.73518097
2023-09-01,"Обьединение_""Дивизион_Сеть""",26.91379872,8157.706428020003,-7342.577146550002,-6039.270572760002,173365,122270,7736.249544114442,8142.607776890002,-8115.693978170002
2023-09-01,Сервисная_Фабрика,0.0,1700.3665515,-1290.94302254,-1419.54536203,173365,122270,7736.249544114442,1652.039134,-1652.039134
2023-09-01,"Центральный_аппарат_Акционерного_Общества_""Казахтелеком""",0.0,-62.46268798999977,-577.24314834,-1215.65816491,173365,122270,7736.249544114442,1216.22039891,-1216.22039891
2023-10-01,Дивизион_по_корпоративному_бизнесу,11797.75176852999,3095.73407857,7998.310036369991,9068.19764574,37744,17095,8136.451082602591,4123.94059298,7673.811175549991
2023-10-01,Дивизион_по_розничному_бизнесу,11868.19819356002,4220.80352153,8342.200683990024,7948.135370010034,37744,17095,8136.451082602591,4046.15505543,7822.043138130024
2023-10-01,Дивизион_информационных_технологий,1177.839193929999,1944.90523063,-685.8067193900007,-178.0368562500007,37744,17095,8136.451082602591,1945.39997452,-767.5607805900006
2023-10-01,Дирекция_управления_проектами_(ДУП),0.0,39.92525972999997,-29.26268239999997,-39.68228172999997,37744,17095,8136.451082602591,39.92525972999997,-39.92525972999997
2023-10-01,Дирекция_телеком-комплектации,0.0,135.95888153,-103.65813365,-132.73017932,37744,17095,8136.451082602591,135.94510196,-135.94510196
2023-10-01,Корпоративный_университет,0.0,88.22587515999997,-80.36992587999998,-86.91352730999998,37744,17095,8136.451082602591,88.22587505999998,-88.22587505999998
2023-10-01,"Обьединение_""Дивизион_Сеть""",26.59757232,7429.49770217,-7259.470717740001,-5297.221163020001,37744,17095,8136.451082602591,7403.490484320001,-7376.892912000001
2023-10-01,Сервисная_Фабрика,0.0,1882.56044287,-1385.4164366,-1462.91767736,37744,17095,8136.451082602591,1676.50145133,-1676.50145133
2023-10-01,"Центральный_аппарат_Акционерного_Общества_""Казахтелеком""",0.0,3386.891595709999,-1779.98917371,-2431.87148445,37744,17095,8136.451082602591,2756.97686181,-2756.97686181
2023-11-01,Дивизион_по_корпоративному_бизнесу,12022.51776424016,3853.779745849999,8699.028488080156,8421.512238060144,45111,21973,8363.318497496211,3697.39463659,8325.123127650155
2023-11-01,Дивизион_по_розничному_бизнесу,12203.81745401008,4414.84486826,8449.85647562008,8088.472140310078,45111,21973,8363.318497496211,4415.30736702,7788.51008699008
2023-11-01,Дивизион_информационных_технологий,1170.476685229999,1907.73370708,-603.4525020300009,-147.5013862400009,45111,21973,8363.318497496211,1907.27493122,-736.7982459900009
2023-11-01,Дирекция_управления_проектами_(ДУП),0.0,38.77267319,-22.06806986,-38.53605418999999,45111,21973,8363.318497496211,38.77267318999999,-38.77267318999999
2023-11-01,Дирекция_телеком-комплектации,0.0,140.06661327,-112.92452371,-136.84833032,45111,21973,8363.318497496211,140.06661327,-140.06661327
2023-11-01,Корпоративный_университет,0.0,106.41649323,-98.00542331,-105.15521423,45111,21973,8363.318497496211,106.41649323,-106.41649323
2023-11-01,"Обьединение_""Дивизион_Сеть""",26.88084831999999,8115.88157228,-7838.1150025,-5928.594797760002,45111,21973,8363.318497496211,8071.781251830001,-8044.900403510001
2023-11-01,Сервисная_Фабрика,0.0,1746.376251009999,-1338.37272379,-1436.17571142,45111,21973,8363.318497496211,1651.25764943,-1651.25764943
2023-11-01,"Центральный_аппарат_Акционерного_Общества_""Казахтелеком""",0.0,2994.39192742,-666.40617974,-1627.06891143,45111,21973,8363.318497496211,1627.63114543,-1627.63114543
2023-12-01,Дивизион_по_корпоративному_бизнесу,11977.71301411996,7872.186905269999,8815.084340909963,4410.886516139963,26661,20208,8577.475848992319,3734.72656184,8242.986452279963
2023-12-01,Дивизион_по_розничному_бизнесу,12007.21972819994,4432.45688369,8100.518803869939,7888.535548589939,26661,20208,8577.475848992319,4427.69724809,7579.522480109939
2023-12-01,Дивизион_информационных_технологий,1145.98556565,1844.83996796,-554.2944489500003,-140.46299579,26661,20208,8577.475848992319,1873.96632142,-727.9807557700002
2023-12-01,Дирекция_управления_проектами_(ДУП),0.0,-306.06503023,342.49171651,308.61393448,26661,20208,8577.475848992319,-308.37776848,308.37776848
2023-12-01,Дирекция_телеком-комплектации,0.0,126.06777058,-101.31205214,-122.06009789,26661,20208,8577.475848992319,125.26418089,-125.26418089
2023-12-01,Корпоративный_университет,0.0,92.72416776,-86.20966825,-91.46978424,26661,20208,8577.475848992319,92.71678124,-92.71678124
2023-12-01,"Обьединение_""Дивизион_Сеть""",30.40687375999999,8246.73615133,-7339.524023519999,-6066.130965369996,26661,20208,8577.475848992319,8212.216369029999,-8181.809495269998
2023-12-01,Сервисная_Фабрика,0.0,1882.7509085,-1424.83868549,-1606.71085567,26661,20208,8577.475848992319,1812.91100215,-1812.91100215
2023-12-01,"Центральный_аппарат_Акционерного_Общества_""Казахтелеком""",0.0,4411.26346476,-627.1527500799999,-1609.17005886,26661,20208,8577.475848992319,1609.73228686,-1609.73228686
2024-01-01,Дивизион_по_корпоративному_бизнесу,12114.85265011001,4461.14608437,7928.378733040006,7985.621522140008,52223,20264,9287.363644162466,4708.839878199999,7406.012771910007
2024-01-01,Дивизион_по_розничному_бизнесу,12697.02169352997,5269.157142569999,8268.066191869973,7772.50829061997,52223,20264,9287.363644162466,5315.557945979999,7381.463747549972
2024-01-01,Дивизион_информационных_технологий,1103.868375889999,3559.55138268,-2227.19117756,-1800.07631469,52223,20264,9287.363644162466,3500.07833003,-2396.20995414
2024-01-01,Дирекция_управления_проектами_(ДУП),0.0,75.67636525999995,-49.71287990999996,-75.30045053999997,52223,20264,9287.363644162466,75.52866253999997,-75.52866253999997
2024-01-01,Дирекция_телеком-комплектации,0.0,268.16243036,-193.82152238,-260.27786531,52223,20264,9287.363644162466,263.45732939,-263.45732939
2024-01-01,Корпоративный_университет,0.0,946.8288652700002,-152.98917,-941.51260661,52223,20264,9287.363644162466,942.75248461,-942.75248461
2024-01-01,"Обьединение_""Дивизион_Сеть""",27.31211216,10710.36443157,-9526.739548549998,-8248.744401609996,52223,20264,9287.363644162466,10480.20189979,-10452.88978763
2024-01-01,Сервисная_Фабрика,0.0,3258.24426312,-2482.95476998,-2989.07412015,52223,20264,9287.363644162466,3170.34284138,-3170.34284138
2024-01-01,"Центральный_аппарат_Акционерного_Общества_""Казахтелеком""",324.373,11261.53098256,-6132.78410588,-8821.685397179997,52223,20264,9287.363644162466,9134.1856389,-8809.812638899999
2024-02-01,Дивизион_по_корпоративному_бизнесу,11700.81829086002,3522.47722773,8488.35005644002,8431.617390990015,52172,22229,7342.414800271195,3367.61572464,8333.20256622002
2024-02-01,Дивизион_по_розничному_бизнесу,11584.70077577998,3854.54262082,8000.341442029976,8068.340366949965,52172,22229,7342.414800271195,3854.23792574,7730.462850039977
2024-02-01,Дивизион_информационных_технологий,1060.555968399999,1653.02047314,-488.5514707000009,-28.68683636000083,52172,22229,7342.414800271195,1652.82505045,-592.2690820500009
2024-02-01,Дирекция_управления_проектами_(ДУП),0.0,33.43436934,-16.36635626999999,-33.21717656,52172,22229,7342.414800271195,33.42018706,-33.42018706
2024-02-01,Дирекция_телеком-комплектации,0.0,75.22612054999999,-62.17605215999999,-71.69064895,52172,22229,7342.414800271195,74.76876994999999,-74.76876994999999
2024-02-01,Корпоративный_университет,0.0,97.43151758,-89.62641228,-96.19165608,52172,22229,7342.414800271195,97.43151758,-97.43151758
2024-02-01,"Обьединение_""Дивизион_Сеть""",28.30533335,7299.301812230001,-7105.12366342,-5191.09374133,52172,22229,7342.414800271195,7271.635739710001,-7243.33040636
2024-02-01,Сервисная_Фабрика,0.0,1327.79521057,-1002.11615746,-1082.38679294,52172,22229,7342.414800271195,1315.71206907,-1315.71206907
2024-02-01,"Центральный_аппарат_Акционерного_Общества_""Казахтелеком""",0.0,3711.25453022,-528.84493029,-1174.11009958,52172,22229,7342.414800271195,1174.67232758,-1174.67232758
2024-03-01,Дивизион_по_корпоративному_бизнесу,11620.73597086995,3652.06352993,8293.065063549948,8196.563543109944,38904,17392,8367.7710196152,3523.099304249999,8097.636666619947
2024-03-01,Дивизион_по_розничному_бизнесу,11635.58069235999,4152.825289539999,7998.669494029987,7815.513124119998,38904,17392,8367.7710196152,4152.74396738,7482.836724979988
2024-03-01,Дивизион_информационных_технологий,1133.915540969999,1854.47830414,-539.5662623900009,-113.336031300001,38904,17392,8367.7710196152,1849.90158658,-715.9860456100009
2024-03-01,Дирекция_управления_проектами_(ДУП),0.0,37.37710517,-22.12707736999999,-37.06685085999999,38904,17392,8367.7710196152,37.26359285999999,-37.26359285999999
2024-03-01,Дирекция_телеком-комплектации,0.0,100.9830035,-70.08543323999999,-97.93619049999998,38904,17392,8367.7710196152,100.9830035,-100.9830035
2024-03-01,Корпоративный_университет,0.0,109.39516129,-94.17174967,-108.15897929,38904,17392,8367.7710196152,109.39516129,-109.39516129
2024-03-01,"Обьединение_""Дивизион_Сеть""",28.30533336,8013.245023150002,-7273.73938354,-5905.19288606,38904,17392,8367.7710196152,8006.039794849999,-7977.734461489999
2024-03-01,Сервисная_Фабрика,0.0,1781.270931679999,-1372.90082657,-1531.95673235,38904,17392,8367.7710196152,1759.96004131,-1759.96004131
2024-03-01,"Центральный_аппарат_Акционерного_Общества_""Казахтелеком""",0.0,1768.11113272,-456.29665775,-910.3883018,38904,17392,8367.7710196152,910.9505358,-910.9505358
2024-04-01,Дивизион_по_корпоративному_бизнесу,11544.76183054002,4001.24026065,7255.639436660017,7774.029022259992,35682,15822,8461.25593943774,4482.144295019999,7062.617535520017
2024-04-01,Дивизион_по_розничному_бизнесу,11759.52706329,5005.284477570001,7460.195406909998,7086.797937450001,35682,15822,8461.25593943774,4860.42242027,6899.104643019998
2024-04-01,Дивизион_информационных_технологий,1179.99848483,2272.64894841,-966.1901249399996,-494.9189409699995,35682,15822,8461.25593943774,2264.806835879999,-1084.80835105
2024-04-01,Дирекция_управления_проектами_(ДУП),0.0,34.38410163999997,-18.22245050999997,-33.45219170999997,35682,15822,8461.25593943774,33.63299614999998,-33.63299614999998
2024-04-01,Дирекция_телеком-комплектации,0.0,120.21083507,-84.31879642,-116.23490965,35682,15822,8461.25593943774,119.28246865,-119.28246865
2024-04-01,Корпоративный_университет,0.0,125.68410455,-111.74839049,-124.44793755,35682,15822,8461.25593943774,125.68410455,-125.68410455
2024-04-01,"Обьединение_""Дивизион_Сеть""",32.77063224,8450.19235572,-8207.63086009,-6363.533123419998,35682,15822,8461.25593943774,8433.0745103,-8400.30387806
2024-04-01,Сервисная_Фабрика,0.0,2114.36053417,-1734.81624208,-1837.3922656,35682,15822,8461.25593943774,2087.51801855,-2087.51801855
2024-04-01,"Центральный_аппарат_Акционерного_Общества_""Казахтелеком""",402.339,5173.348508159999,-1916.98846271,-2801.79104777,35682,15822,8461.25593943774,3211.65150674,-2809.31250674
2024-05-01,Дивизион_по_корпоративному_бизнесу,11681.58197992003,3864.34129212,8196.852856700032,8055.428583300049,45834,16905,8452.500825458557,3725.42249524,7956.159484680032
2024-05-01,Дивизион_по_розничному_бизнесу,11801.73779671997,4286.72437893,7977.251154939971,7869.519228009995,45834,16905,8452.500825458557,4279.91765976,7521.82013695997
2024-05-01,Дивизион_информационных_технологий,1086.2462213,1686.0215232,-489.54390375,5.133357069999988,45834,16905,8452.500825458557,1673.96113551,-587.71491421
2024-05-01,Дирекция_управления_проектами_(ДУП),0.0,35.81278299,-19.51336541,-35.58378627999999,45834,16905,8452.500825458557,35.74876227999999,-35.74876227999999
2024-05-01,Дирекция_телеком-комплектации,0.0,94.54327792,-73.46449736,-90.72018298,45834,16905,8452.500825458557,94.42254698,-94.42254698
2024-05-01,Корпоративный_университет,0.0,118.53147253,-107.18064422,-117.29529444,45834,16905,8452.500825458557,118.53147253,-118.53147253
2024-05-01,"Обьединение_""Дивизион_Сеть""",30.43482408000001,7906.534184939998,-7650.755616259999,-5798.044943239999,45834,16905,8452.500825458557,7844.358096929998,-7813.923272849998
2024-05-01,Сервисная_Фабрика,0.0,1801.42757693,-1444.63956707,-1491.65473559,45834,16905,8452.500825458557,1744.7474762,-1744.7474762
2024-05-01,"Центральный_аппарат_Акционерного_Общества_""Казахтелеком""",0.0,3825.246771629999,-532.74593752,-2044.94103765,45834,16905,8452.500825458557,2045.53019065,-2045.53019065
2024-06-01,Дивизион_по_корпоративному_бизнесу,11934.11070269995,3510.750968249999,8795.01757476995,8662.476304370015,399961,373242,7484.35412487602,3377.919569279999,8556.19113341995
2024-06-01,Дивизион_по_розничному_бизнесу,11864.66613767996,4707.144496010001,7644.920783659959,7526.988768829955,399961,373242,7484.35412487602,4707.91594234,7156.750195339959
2024-06-01,Дивизион_информационных_технологий,1093.929855520001,1757.73065804,-482.338436949999,-72.16628874999913,399961,373242,7484.35412487602,1753.84601792,-659.916162399999
2024-06-01,Дирекция_управления_проектами_(ДУП),0.0,32.45342471999999,-18.09389741,-31.74464354999999,399961,373242,7484.35412487602,31.90960055,-31.90960055
2024-06-01,Дирекция_телеком-комплектации,0.0,100.77765121,-72.55178512999997,-96.64049450999995,399961,373242,7484.35412487602,100.35376151,-100.35376151
2024-06-01,Корпоративный_университет,0.0,119.22396456,-107.75675997,-118.11591056,399961,373242,7484.35412487602,119.22396456,-119.22396456
2024-06-01,"Обьединение_""Дивизион_Сеть""",31.80536136,8953.695855889999,-8148.737152240002,-6778.103966670002,399961,373242,7484.35412487602,8838.345840090002,-8806.540478730001
2024-06-01,Сервисная_Фабрика,0.0,1711.61129951,-1291.21742586,-1416.25067875,399961,373242,7484.35412487602,1668.72494044,-1668.72494044
2024-06-01,"Центральный_аппарат_Акционерного_Общества_""Казахтелеком""",0.0,2293.6749728,-330.49159597,-1482.74309198,399961,373242,7484.35412487602,1483.33224398,-1483.33224398
2024-07-01,Дивизион_по_корпоративному_бизнесу,11756.03496795988,6009.063989910001,7886.081535869883,6051.721870539882,29203,12988,8893.824746356631,4750.625224899999,7005.409743059883
2024-07-01,Дивизион_по_розничному_бизнесу,11973.10937975001,5344.95323653,7297.401905760006,7012.722448300006,29203,12988,8893.824746356631,5229.821517350001,6743.287862400007
2024-07-01,Дивизион_информационных_технологий,1149.8749638,2228.76966985,-795.9304901899998,-470.5468563099997,29203,12988,8893.824746356631,2224.67899074,-1074.80402694
2024-07-01,Дирекция_управления_проектами_(ДУП),0.0,36.66251696999998,-18.46294318999998,-36.46453101999997,29203,12988,8893.824746356631,36.59061401999998,-36.59061401999998
2024-07-01,Дирекция_телеком-комплектации,0.0,125.40249913,-85.53071205999998,-121.10462802,29203,12988,8893.824746356631,125.26348876,-125.26348876
2024-07-01,Корпоративный_университет,0.0,135.76789357,-123.12426948,-134.56451555,29203,12988,8893.824746356631,135.66839555,-135.66839555
2024-07-01,"Обьединение_""Дивизион_Сеть""",28.83586392,9192.771241150003,-8899.308288700002,-7073.583619590001,29203,12988,8893.824746356631,9115.43714646,-9086.60128254
2024-07-01,Сервисная_Фабрика,0.0,1780.754239249999,-1361.14025961,-1495.3260897,29203,12988,8893.824746356631,1734.23610445,-1734.23610445
2024-07-01,"Центральный_аппарат_Акционерного_Общества_""Казахтелеком""",407.372,2779.946290619999,-930.67653127,-1629.74954898,29203,12988,8893.824746356631,2253.6526011,-1846.2806011
2024-08-01,Дивизион_по_корпоративному_бизнесу,11705.61860332003,3933.446035530001,8192.822282380033,8005.384875930033,31371,13282,9105.294862974686,3809.23924309,7896.379360230033
2024-08-01,Дивизион_по_розничному_бизнесу,12378.67329077,4750.588624909999,8118.714986970001,8030.470341399999,31371,13282,9105.294862974686,4747.96020671,7630.71308406
2024-08-01,Дивизион_информационных_технологий,1186.9635345,2664.397607580001,-1205.30952017,-784.0684601199996,31371,13282,9105.294862974686,2572.19457814,-1385.23104364
2024-08-01,Дирекция_управления_проектами_(ДУП),0.0,54.5973071,-26.49874451999999,-53.44472905999999,31371,13282,9105.294862974686,54.51270005999999,-54.51270005999999
2024-08-01,Дирекция_телеком-комплектации,0.0,126.21942119,-89.19258389999999,-122.06084419,31371,13282,9105.294862974686,126.21942119,-126.21942119
2024-08-01,Корпоративный_университет,0.0,165.19456412,-147.11382401,-164.09096512,31371,13282,9105.294862974686,165.19456412,-165.19456412
2024-08-01,"Обьединение_""Дивизион_Сеть""",31.12009272,8717.06064159,-8343.46711023,-6635.616452880001,31371,13282,9105.294862974686,8664.992312150001,-8633.87221943
2024-08-01,Сервисная_Фабрика,0.0,1785.03507387,-1389.77929718,-1496.83251963,31371,13282,9105.294862974686,1750.49482848,-1750.49482848
2024-08-01,"Центральный_аппарат_Акционерного_Общества_""Казахтелеком""",0.0,2699.17055787,-499.61576347,-1587.23834309,31371,13282,9105.294862974686,1587.82749509,-1587.82749509
2024-09-01,Дивизион_по_корпоративному_бизнесу,12693.17743036,3817.309995199999,9344.056790039996,9147.015000099997,86716,30492,8819.782745212684,3656.913100309999,9036.264330049997
2024-09-01,Дивизион_по_розничному_бизнесу,12375.96609405,4310.48991135,8494.427938309997,8524.1896047,86716,30492,8819.782745212684,4264.8789459,8111.087148149997
2024-09-01,Дивизион_информационных_технологий,1210.166261979999,2023.22249502,-627.1742789000003,-204.6184793600003,86716,30492,8819.782745212684,2021.80705834,-811.6407963600004
2024-09-01,Дирекция_управления_проектами_(ДУП),0.0,41.41058732999998,-16.43974014999999,-40.34425224999999,86716,30492,8819.782745212684,41.36497924999999,-41.36497924999999
2024-09-01,Дирекция_телеком-комплектации,0.0,107.20583612,-80.51224180999999,-102.09295705,86716,30492,8819.782745212684,106.25164184,-106.25164184
2024-09-01,Корпоративный_университет,0.0,129.41948399,-118.03578609,-128.31587499,86716,30492,8819.782745212684,129.41948399,-129.41948399
2024-09-01,"Обьединение_""Дивизион_Сеть""",30.77377415999999,8974.889193809999,-8005.965366679999,-6851.807942789998,86716,30492,8819.782745212684,8930.76694471,-8899.993170549998
2024-09-01,Сервисная_Фабрика,0.0,1861.90241839,-1405.60774274,-1580.1629901,86716,30492,8819.782745212684,1829.73759574,-1829.73759574
2024-09-01,"Центральный_аппарат_Акционерного_Общества_""Казахтелеком""",0.0,2194.341898799999,-493.0504206,-1066.77471948,86716,30492,8819.782745212684,1067.36387248,-1067.36387248
2024-10-01,Дивизион_по_корпоративному_бизнесу,11930.47455544996,3175.486341089999,9257.269260109955,8987.809235949957,37615,18501,9184.152157148856,3036.06839994,8894.406155509958
2024-10-01,Дивизион_по_розничному_бизнесу,12391.78045264003,5482.835438850001,7604.444756410025,7319.884430540024,37615,18501,9184.152157148856,5264.369231410001,7127.411221230023
2024-10-01,Дивизион_информационных_технологий,1265.11258599,2250.090379369999,-1024.73088276,-371.2209477300001,37615,18501,9184.152157148856,2234.86701409,-969.7544281
2024-10-01,Дирекция_управления_проектами_(ДУП),0.0,295.42200951,-16.57460470999999,-294.4046415100001,37615,18501,9184.152157148856,295.42200951,-295.42200951
2024-10-01,Дирекция_телеком-комплектации,0.0,130.57587025,-88.05589097,-126.43763733,37615,18501,9184.152157148856,130.56664583,-130.56664583
2024-10-01,Корпоративный_университет,0.0,142.79714956,-130.17853925,-141.68846408,37615,18501,9184.152157148856,142.79714956,-142.79714956
2024-10-01,"Обьединение_""Дивизион_Сеть""",32.21799624,9111.930460079995,-8807.009067229996,-6849.419021909995,37615,18501,9184.152157148856,9038.362575539995,-9006.144579299995
2024-10-01,Сервисная_Фабрика,0.0,1988.52071856,-1556.03068442,-1700.72003386,37615,18501,9184.152157148856,1964.3672553,-1964.3672553
2024-10-01,"Центральный_аппарат_Акционерного_Общества_""Казахтелеком""",400.653,4131.241579709999,-1024.46781863,-1718.72328753,37615,18501,9184.152157148856,2605.443173449999,-2204.79017345
2024-11-01,Дивизион_по_корпоративному_бизнесу,12082.16472257001,4160.48841355,8591.071331830011,8184.725304210011,72749,16835,9210.07576274137,4016.070990479999,8066.093732090011
2024-11-01,Дивизион_по_розничному_бизнесу,12340.44390185005,4686.358039939996,8139.024900800054,8084.985016040054,72749,16835,9210.07576274137,4682.486693100001,7657.957208750053
2024-11-01,Дивизион_информационных_технологий,1253.59275356,2066.24130637,-706.1391298699996,-207.8302477099996,72749,16835,9210.07576274137,2063.271745059999,-809.6789914999996
2024-11-01,Дирекция_управления_проектами_(ДУП),0.0,32.37785078000002,-15.32099134000002,-31.36053553000002,72749,16835,9210.07576274137,32.37785078000002,-32.37785078000002
2024-11-01,Дирекция_телеком-комплектации,0.0,117.16353089,-92.23696669,-112.88780811,72749,16835,9210.07576274137,117.00383203,-117.00383203
2024-11-01,Корпоративный_университет,0.0,142.09765113,-130.57357642,-140.68312707,72749,16835,9210.07576274137,142.09765113,-142.09765113
2024-11-01,"Обьединение_""Дивизион_Сеть""",30.51587736,8321.529231659999,-8125.622121640001,-6053.00926692,72749,16835,9210.07576274137,8298.66368567,-8268.147808310001
2024-11-01,Сервисная_Фабрика,0.0,1980.66836242,-1553.67659158,-1627.15321338,72749,16835,9210.07576274137,1877.72230681,-1877.72230681
2024-11-01,"Центральный_аппарат_Акционерного_Общества_""Казахтелеком""",0.0,2503.35910834,-494.30186042,-1350.41403313,72749,16835,9210.07576274137,1351.00318613,-1351.00318613
2024-12-01,Дивизион_по_корпоративному_бизнесу,9414.906812710073,2197.04301749,7788.992019880073,7529.822293810073,60575,15460,9584.124269183432,2003.1964983,7411.710314410072
2024-12-01,Дивизион_по_розничному_бизнесу,15069.98281909002,4841.170122449999,10830.02143018002,10662.81823480002,60575,15460,9584.124269183432,4836.99492284,10232.98789625002
2024-12-01,Дивизион_информационных_технологий,4386.308800289999,3975.557561129999,612.0200358299985,1003.399763909999,60575,15460,9584.124269183432,3972.17309673,414.1357035599985
2024-12-01,Дирекция_управления_проектами_(ДУП),0.0,40.86264768000002,-17.48383435000001,-39.69983992000001,60575,15460,9584.124269183432,40.71332192000001,-40.71332192000001
2024-12-01,Дирекция_телеком-комплектации,0.0,122.31586649,-86.30937004,-115.75816251,60575,15460,9584.124269183432,121.11974851,-121.11974851
2024-12-01,Корпоративный_университет,0.0,124.3644331,-113.98688802,-122.9534371,60575,15460,9584.124269183432,124.3644331,-124.3644331
2024-12-01,"Обьединение_""Дивизион_Сеть""",31.20851448,8150.511947850001,-7352.09961413,-5792.03661168,60575,15460,9584.124269183432,8089.849749280002,-8058.6412348
2024-12-01,Сервисная_Фабрика,0.0,2323.47543484,-1582.86347121,-1754.86051473,60575,15460,9584.124269183432,2006.07688113,-2006.07688113
2024-12-01,"Центральный_аппарат_Акционерного_Общества_""Казахтелеком""",0.0,2289.38030651,-495.8510165299999,-1072.71422472,60575,15460,9584.124269183432,1073.30337672,-1073.30337672
2025-01-01,Дивизион_по_корпоративному_бизнесу,11178.59543014002,6772.844201169999,5198.630597270024,4700.722111989848,84112,15904,11171.73721970899,7272.259203,3906.336227140024
2025-01-01,Дивизион_по_розничному_бизнесу,14742.59028589004,6207.952149079997,9634.576390740049,9539.744238069958,84112,15904,11171.73721970899,5778.068730239998,8964.521555650046
2025-01-01,Дивизион_информационных_технологий,2305.117664350001,2411.768462049999,105.0274706100004,503.5525169799998,84112,15904,11171.73721970899,2403.16253371,-98.04486935999968
2025-01-01,Дирекция_управления_проектами_(ДУП),0.0,66.16981003999999,-41.53011372,-65.15870804,84112,15904,11171.73721970899,66.16981003999999,-66.16981003999999
2025-01-01,Дирекция_телеком-комплектации,0.0,182.74063312,-123.68194119,-175.68144239,84112,15904,11171.73721970899,181.11093678,-181.11093678
2025-01-01,Корпоративный_университет,0.0,211.70129945,-162.89092567,-210.26903636,84112,15904,11171.73721970899,211.70129945,-211.70129945
2025-01-01,"Обьединение_""Дивизион_Сеть""",28.30533336,9384.785492369998,-8437.7194794,-6538.576821479999,84112,15904,11171.73721970899,8936.69829702,-8908.39296366
2025-01-01,Сервисная_Фабрика,0.0,3366.57062124,-2629.283869399999,-3224.539206039999,84112,15904,11171.73721970899,3455.657817809999,-3455.657817809999
2025-01-01,"Центральный_аппарат_Акционерного_Общества_""Казахтелеком""",416.101,8789.654649959999,-4035.861708999999,-6552.17424892,84112,15904,11171.73721970899,7266.49332234,-6850.39232234
2025-02-01,Дивизион_по_корпоративному_бизнесу,11941.70241068001,2710.817530080001,9550.682541920003,9483.739584060038,0,17024,8294.580665641526,2569.53786581,9372.164544870006
2025-02-01,Дивизион_по_розничному_бизнесу,12354.93041822999,4621.596391360002,7989.233080379991,8021.984879180048,0,17024,8294.580665641526,4618.35114124,7736.579276989991
2025-02-01,Дивизион_информационных_технологий,1418.81535609,2243.848604470001,-747.3467511500007,-200.3608455300008,0,17024,8294.580665641526,2241.484793120001,-822.6694370300007
2025-02-01,Дирекция_управления_проектами_(ДУП),0.0,34.0404497,-15.89161143000001,-33.1170727,0,17024,8294.580665641526,34.0404497,-34.0404497
2025-02-01,Дирекция_телеком-комплектации,0.0,92.83991938,-82.09580065,-87.75227776999999,0,17024,8294.580665641526,92.83991938,-92.83991938
2025-02-01,Корпоративный_университет,0.0,81.59197606999999,-72.92228668999999,-80.59284406999998,0,17024,8294.580665641526,81.59197606999999,-81.59197606999999
2025-02-01,"Обьединение_""Дивизион_Сеть""",301.6670193199999,7443.99564706,-7014.11706928,-4979.49611349,0,17024,8294.580665641526,7431.47805742,-7129.8110381
2025-02-01,Сервисная_Фабрика,0.0,1565.7427254,-1192.08014897,-1295.83269748,0,17024,8294.580665641526,1538.6673352,-1538.6673352
2025-02-01,"Центральный_аппарат_Акционерного_Общества_""Казахтелеком""",0.0,38312.47548525,-329.12107392,-25910.02952407,0,17024,8294.580665641526,2372.96973864,-2372.96973864
